Entity,Code,Year,Per capita mismanaged plastic waste (kilograms per person per day),"GDP per capita, PPP (constant 2011 international $) (Rate)",Total population (Gapminder),Code_per-capita-plastic-waste-vs-gdp-per-capita,Year_per-capita-plastic-waste-vs-gdp-per-capita,Per capita plastic waste (kilograms per person per day),"GDP per capita, PPP (constant 2011 international $) (constant 2011 international $)",Total population (Gapminder)_per-capita-plastic-waste-vs-gdp-per-capita,Code_coastal-population-vs-mismanaged-plastic,Year_coastal-population-vs-mismanaged-plastic,Mismanaged plastic waste (tonnes),Coastal population,Total population (Gapminder)_coastal-population-vs-mismanaged-plastic,_art_year
Afghanistan,AFG,1800,,,3280000.0,AFG,1800,,,3280000.0,AFG,1800.0,,,3280000.0,1800
Albania,ALB,1700,,,300000.0,ALB,1700,,,300000.0,ALB,1700.0,,,300000.0,1700
Algeria,DZA,1700,,,1750000.0,DZA,1700,,,1750000.0,DZA,1700.0,,,1750000.0,1700
American Samoa,ASM,1700,,,7427.0,ASM,1700,,,7427.0,ASM,1700.0,,,7427.0,1700
Andorra,AND,1800,,,2654.0,AND,1800,,,2654.0,AND,1800.0,,,2654.0,1800
Angola,AGO,1800,,,1567028.0,AGO,1800,,,1567028.0,AGO,1800.0,,,1567028.0,1800
Anguilla,AIA,1800,,,2025.0,AIA,1800,,,2025.0,AIA,1800.0,,,2025.0,1800
Antigua and Barbuda,ATG,1800,,,37000.0,ATG,1800,,,37000.0,ATG,1800.0,,,37000.0,1800
Arab World,,1990,,10450.2085420709,,,1990,,10450.2085420709,,,,,,,1990
Argentina,ARG,1800,,,534000.0,ARG,1800,,,534000.0,ARG,1800.0,,,534000.0,1800
Armenia,ARM,1800,,,413326.0,ARM,1800,,,413326.0,ARM,1800.0,,,413326.0,1800
Aruba,ABW,1800,,,19286.0,ABW,1800,,,19286.0,ABW,1800.0,,,19286.0,1800
Australia,AUS,1700,,,450000.0,AUS,1700,,,450000.0,AUS,1700.0,,,450000.0,1700
Austria,AUT,1700,,,2500000.0,AUT,1700,,,2500000.0,AUT,1700.0,,,2500000.0,1700
Azerbaijan,AZE,1800,,,879960.0,AZE,1800,,,879960.0,AZE,1800.0,,,879960.0,1800
Bahamas,BHS,1800,,,27350.0,BHS,1800,,,27350.0,BHS,1800.0,,,27350.0,1800
Bahrain,BHR,1800,,,64474.0,BHR,1800,,,64474.0,BHR,1800.0,,,64474.0,1800
Bangladesh,BGD,1700,,,15789473.0,BGD,1700,,,15789473.0,BGD,1700.0,,,15789473.0,1700
Barbados,BRB,1800,,,81729.0,BRB,1800,,,81729.0,BRB,1800.0,,,81729.0,1800
Belarus,BLR,1800,,,2355081.0,BLR,1800,,,2355081.0,BLR,1800.0,,,2355081.0,1800
Belgium,BEL,1700,,,2000000.0,BEL,1700,,,2000000.0,BEL,1700.0,,,2000000.0,1700
Belize,BLZ,1800,,,25526.0,BLZ,1800,,,25526.0,BLZ,1800.0,,,25526.0,1800
Benin,BEN,1800,,,636559.0,BEN,1800,,,636559.0,BEN,1800.0,,,636559.0,1800
Bermuda,BMU,1730,,,8774.0,BMU,1730,,,8774.0,BMU,1730.0,,,8774.0,1730
Bhutan,BTN,1800,,,89989.0,BTN,1800,,,89989.0,BTN,1800.0,,,89989.0,1800
Bolivia,BOL,1800,,,1100000.0,BOL,1800,,,1100000.0,BOL,1800.0,,,1100000.0,1800
Bosnia and Herzegovina,BIH,1800,,,851806.0,BIH,1800,,,851806.0,BIH,1800.0,,,851806.0,1800
Botswana,BWA,1800,,,121000.0,BWA,1800,,,121000.0,BWA,1800.0,,,121000.0,1800
Brazil,BRA,1700,,,1250000.0,BRA,1700,,,1250000.0,BRA,1700.0,,,1250000.0,1700
British Virgin Islands,VGB,1800,,,6700.0,VGB,1800,,,6700.0,VGB,1800.0,,,6700.0,1800
Brunei,BRN,1800,,,2128.0,BRN,1800,,,2128.0,BRN,1800.0,,,2128.0,1800
Bulgaria,BGR,1700,,,1250000.0,BGR,1700,,,1250000.0,BGR,1700.0,,,1250000.0,1700
Burkina Faso,BFA,1800,,,1665421.0,BFA,1800,,,1665421.0,BFA,1800.0,,,1665421.0,1800
Burundi,BDI,1800,,,899097.0,BDI,1800,,,899097.0,BDI,1800.0,,,899097.0,1800
Cambodia,KHM,1800,,,2090000.0,KHM,1800,,,2090000.0,KHM,1800.0,,,2090000.0,1800
Cameroon,CMR,1800,,,1860054.0,CMR,1800,,,1860054.0,CMR,1800.0,,,1860054.0,1800
Canada,CAN,1700,,,200000.0,CAN,1700,,,200000.0,CAN,1700.0,,,200000.0,1700
Cape Verde,CPV,1800,,,55716.0,CPV,1800,,,55716.0,CPV,1800.0,,,55716.0,1800
Caribbean small states,,1990,,9387.69375964066,,,1990,,9387.69375964066,,,,,,,1990
Cayman Islands,CYM,1800,,,2439.0,CYM,1800,,,2439.0,CYM,1800.0,,,2439.0,1800
Central African Republic,CAF,1800,,,479444.0,CAF,1800,,,479444.0,CAF,1800.0,,,479444.0,1800
Central Europe and the Baltics,,1990,,12257.9274358496,,,1990,,12257.9274358496,,,,,,,1990
Chad,TCD,1800,,,1432000.0,TCD,1800,,,1432000.0,TCD,1800.0,,,1432000.0,1800
Channel Islands,OWID_CIS,2010,0.005,,,OWID_CIS,2010,0.252,,,OWID_CIS,2010.0,281.0,153352.0,,2010
Chile,CHL,1800,,,771447.0,CHL,1800,,,771447.0,CHL,1800.0,,,771447.0,1800
China,CHN,1700,,,138000000.0,CHN,1700,,,138000000.0,CHN,1700.0,,,138000000.0,1700
Christmas Island,CXR,1800,,,0.0,CXR,1800,,,0.0,CXR,1800.0,,,0.0,1800
Cocos Islands,CCK,1800,,,0.0,CCK,1800,,,0.0,CCK,1800.0,,,0.0,1800
Colombia,COL,1800,,,1206000.0,COL,1800,,,1206000.0,COL,1800.0,,,1206000.0,1800
Comoros,COM,1800,,,56346.0,COM,1800,,,56346.0,COM,1800.0,,,56346.0,1800
Congo,COG,1800,,,314465.0,COG,1800,,,314465.0,COG,1800.0,,,314465.0,1800
Cook Islands,COK,1700,,,14669.0,COK,1700,,,14669.0,COK,1700.0,,,14669.0,1700
Costa Rica,CRI,1700,,,19000.0,CRI,1700,,,19000.0,CRI,1700.0,,,19000.0,1700
Cote d'Ivoire,CIV,1800,,,1088530.0,CIV,1800,,,1088530.0,CIV,1800.0,,,1088530.0,1800
Croatia,HRV,1800,,,1227886.0,HRV,1800,,,1227886.0,HRV,1800.0,,,1227886.0,1800
Cuba,CUB,1792,,,272000.0,CUB,1792,,,272000.0,CUB,1792.0,,,272000.0,1792
Curacao,CUW,2010,0.005,,,CUW,2010,0.252,,,CUW,2010.0,268.0,143784.0,,2010
Cyprus,CYP,1800,,,184392.0,CYP,1800,,,184392.0,CYP,1800.0,,,184392.0,1800
Czech Republic,CZE,1800,,,5516349.0,CZE,1800,,,5516349.0,CZE,1800.0,,,5516349.0,1800
Democratic Republic of Congo,COD,1800,,,5163819.0,COD,1800,,,5163819.0,COD,1800.0,,,5163819.0,1800
Denmark,DNK,1700,,,700000.0,DNK,1700,,,700000.0,DNK,1700.0,,,700000.0,1700
Djibouti,DJI,1800,,,22848.0,DJI,1800,,,22848.0,DJI,1800.0,,,22848.0,1800
Dominica,DMA,1800,,,19950.0,DMA,1800,,,19950.0,DMA,1800.0,,,19950.0,1800
Dominican Republic,DOM,1800,,,89000.0,DOM,1800,,,89000.0,DOM,1800.0,,,89000.0,1800
Early-demographic dividend,,1990,,4350.07934080125,,,1990,,4350.07934080125,,,,,,,1990
East Asia & Pacific,,1990,,4964.74181822205,,,1990,,4964.74181822205,,,,,,,1990
East Asia & Pacific (IDA & IBRD),,1990,,2250.78561545514,,,1990,,2250.78561545514,,,,,,,1990
East Asia & Pacific (excluding high income),,1990,,2226.47503614078,,,1990,,2226.47503614078,,,,,,,1990
Ecuador,ECU,1800,,,500000.0,ECU,1800,,,500000.0,ECU,1800.0,,,500000.0,1800
Egypt,EGY,1700,,,4500000.0,EGY,1700,,,4500000.0,EGY,1700.0,,,4500000.0,1700
El Salvador,SLV,1800,,,248000.0,SLV,1800,,,248000.0,SLV,1800.0,,,248000.0,1800
Equatorial Guinea,GNQ,1800,,,80377.0,GNQ,1800,,,80377.0,GNQ,1800.0,,,80377.0,1800
Eritrea,ERI,1800,,,205010.0,ERI,1800,,,205010.0,ERI,1800.0,,,205010.0,1800
Estonia,EST,1800,,,334136.0,EST,1800,,,334136.0,EST,1800.0,,,334136.0,1800
Ethiopia,ETH,1800,,,2948990.0,ETH,1800,,,2948990.0,ETH,1800.0,,,2948990.0,1800
Euro area,,1990,,28115.8828264325,,,1990,,28115.8828264325,,,,,,,1990
Europe & Central Asia,,1990,,20561.8507030528,,,1990,,20561.8507030528,,,,,,,1990
Europe & Central Asia (IDA & IBRD),,1990,,13378.498982625,,,1990,,13378.498982625,,,,,,,1990
Europe & Central Asia (excluding high income),,1990,,13652.2761003169,,,1990,,13652.2761003169,,,,,,,1990
European Union,,1990,,24875.0378703963,,,1990,,24875.0378703963,,,,,,,1990
Faeroe Islands,FRO,1800,,,13537.0,FRO,1800,,,13537.0,FRO,1800.0,,,13537.0,1800
Falkland Islands,FLK,2010,0.005,,,FLK,2010,0.252,,,FLK,2010.0,5.0,2602.0,,2010
Fiji,FJI,1700,,,118803.0,FJI,1700,,,118803.0,FJI,1700.0,,,118803.0,1700
Finland,FIN,1700,,,400000.0,FIN,1700,,,400000.0,FIN,1700.0,,,400000.0,1700
Fragile and conflict affected situations,,1990,,2819.57333487485,,,1990,,2819.57333487485,,,,,,,1990
France,FRA,1700,,,21471000.0,FRA,1700,,,21471000.0,FRA,1700.0,,,21471000.0,1700
French Guiana,GUF,1800,,,9899.0,GUF,1800,,,9899.0,GUF,1800.0,,,9899.0,1800
French Polynesia,PYF,1700,,,56845.0,PYF,1700,,,56845.0,PYF,1700.0,,,56845.0,1700
Gabon,GAB,1800,,,158227.0,GAB,1800,,,158227.0,GAB,1800.0,,,158227.0,1800
Gambia,GMB,1800,,,103274.0,GMB,1800,,,103274.0,GMB,1800.0,,,103274.0,1800
Georgia,GEO,1800,,,1072178.0,GEO,1800,,,1072178.0,GEO,1800.0,,,1072178.0,1800
Germany,DEU,1700,,,15000000.0,DEU,1700,,,15000000.0,DEU,1700.0,,,15000000.0,1700
Ghana,GHA,1800,,,2016034.0,GHA,1800,,,2016034.0,GHA,1800.0,,,2016034.0,1800
Gibraltar,GIB,1800,,,9873.0,GIB,1800,,,9873.0,GIB,1800.0,,,9873.0,1800
Greece,GRC,1700,,,1500000.0,GRC,1700,,,1500000.0,GRC,1700.0,,,1500000.0,1700
Greenland,GRL,1800,,,9584.0,GRL,1800,,,9584.0,GRL,1800.0,,,9584.0,1800
Grenada,GRD,1800,,,29409.0,GRD,1800,,,29409.0,GRD,1800.0,,,29409.0,1800
Guadeloupe,GLP,1800,,,80726.0,GLP,1800,,,80726.0,GLP,1800.0,,,80726.0,1800
Guam,GUM,1700,,,12000.0,GUM,1700,,,12000.0,GUM,1700.0,,,12000.0,1700
Guatemala,GTM,1800,,,458965.0,GTM,1800,,,458965.0,GTM,1800.0,,,458965.0,1800
Guernsey,GGY,1800,,,19488.0,GGY,1800,,,19488.0,GGY,1800.0,,,19488.0,1800
Guinea,GIN,1800,,,983959.0,GIN,1800,,,983959.0,GIN,1800.0,,,983959.0,1800
Guinea-Bissau,GNB,1800,,,218167.0,GNB,1800,,,218167.0,GNB,1800.0,,,218167.0,1800
Guyana,GUY,1800,,,166034.0,GUY,1800,,,166034.0,GUY,1800.0,,,166034.0,1800
Haiti,HTI,1800,,,723000.0,HTI,1800,,,723000.0,HTI,1800.0,,,723000.0,1800
Heavily indebted poor countries (HIPC),,1990,,1482.49922323024,,,1990,,1482.49922323024,,,,,,,1990
High income,,1990,,28447.456472433,,,1990,,28447.456472433,,,,,,,1990
Honduras,HND,1791,,,96000.0,HND,1791,,,96000.0,HND,1791.0,,,96000.0,1791
Hong Kong,HKG,1800,,,20000.0,HKG,1800,,,20000.0,HKG,1800.0,,,20000.0,1800
Hungary,HUN,1700,,,1500000.0,HUN,1700,,,1500000.0,HUN,1700.0,,,1500000.0,1700
IBRD only,,1990,,4883.05141348565,,,1990,,4883.05141348565,,,,,,,1990
IDA & IBRD total,,1990,,4315.71988148002,,,1990,,4315.71988148002,,,,,,,1990
IDA blend,,1990,,2997.25739056211,,,1990,,2997.25739056211,,,,,,,1990
IDA only,,1990,,1489.08220923693,,,1990,,1489.08220923693,,,,,,,1990
IDA total,,1990,,2009.99893000172,,,1990,,2009.99893000172,,,,,,,1990
Iceland,ISL,1800,,,61428.0,ISL,1800,,,61428.0,ISL,1800.0,,,61428.0,1800
India,IND,1700,,,138433412.0,IND,1700,,,138433412.0,IND,1700.0,,,138433412.0,1700
Indonesia,IDN,1700,,,12402980.0,IDN,1700,,,12402980.0,IDN,1700.0,,,12402980.0,1700
Iran,IRN,1700,,,5000000.0,IRN,1700,,,5000000.0,IRN,1700.0,,,5000000.0,1700
Iraq,IRQ,1700,,,1000000.0,IRQ,1700,,,1000000.0,IRQ,1700.0,,,1000000.0,1700
Ireland,IRL,1700,,,1369703.0,IRL,1700,,,1369703.0,IRL,1700.0,,,1369703.0,1700
Isle of Man,IMN,1800,,,23533.0,IMN,1800,,,23533.0,IMN,1800.0,,,23533.0,1800
Israel,ISR,1800,,,209954.0,ISR,1800,,,209954.0,ISR,1800.0,,,209954.0,1800
Italy,ITA,1700,,,13300000.0,ITA,1700,,,13300000.0,ITA,1700.0,,,13300000.0,1700
Jamaica,JAM,1800,,,401000.0,JAM,1800,,,401000.0,JAM,1800.0,,,401000.0,1800
Japan,JPN,1700,,,27000000.0,JPN,1700,,,27000000.0,JPN,1700.0,,,27000000.0,1700
Jersey,JEY,1800,,,24420.0,JEY,1800,,,24420.0,JEY,1800.0,,,24420.0,1800
Jordan,JOR,1800,,,217000.0,JOR,1800,,,217000.0,JOR,1800.0,,,217000.0,1800
Kazakhstan,KAZ,1800,,,2041282.0,KAZ,1800,,,2041282.0,KAZ,1800.0,,,2041282.0,1800
Kenya,KEN,1800,,,2574000.0,KEN,1800,,,2574000.0,KEN,1800.0,,,2574000.0,1800
Kiribati,KIR,1800,,,17876.0,KIR,1800,,,17876.0,KIR,1800.0,,,17876.0,1800
Kosovo,OWID_KOS,2000,,4622.77306552336,,OWID_KOS,2000,,4622.77306552336,,,,,,,2000
Kuwait,KWT,1800,,,81280.0,KWT,1800,,,81280.0,KWT,1800.0,,,81280.0,1800
Kyrgyzstan,KGZ,1800,,,530343.0,KGZ,1800,,,530343.0,KGZ,1800.0,,,530343.0,1800
Laos,LAO,1800,,,470000.0,LAO,1800,,,470000.0,LAO,1800.0,,,470000.0,1800
Late-demographic dividend,,1990,,5161.29286637877,,,1990,,5161.29286637877,,,,,,,1990
Latin America & Caribbean,,1990,,9780.74436580895,,,1990,,9780.74436580895,,,,,,,1990
Latin America & Caribbean (IDA & IBRD),,1990,,9745.76503092768,,,1990,,9745.76503092768,,,,,,,1990
Latin America & Caribbean (excluding high income),,1990,,9567.72932905891,,,1990,,9567.72932905891,,,,,,,1990
Latvia,LVA,1800,,,590588.0,LVA,1800,,,590588.0,LVA,1800.0,,,590588.0,1800
Least developed countries: UN classification,,1990,,1305.50984562391,,,1990,,1305.50984562391,,,,,,,1990
Lebanon,LBN,1800,,,332000.0,LBN,1800,,,332000.0,LBN,1800.0,,,332000.0,1800
Lesotho,LSO,1800,,,276361.0,LSO,1800,,,276361.0,LSO,1800.0,,,276361.0,1800
Liberia,LBR,1800,,,313543.0,LBR,1800,,,313543.0,LBR,1800.0,,,313543.0,1800
Libya,LBY,1700,,,500000.0,LBY,1700,,,500000.0,LBY,1700.0,,,500000.0,1700
Liechtenstein,LIE,1800,,,5802.0,LIE,1800,,,5802.0,LIE,1800.0,,,5802.0,1800
Lithuania,LTU,1800,,,778655.0,LTU,1800,,,778655.0,LTU,1800.0,,,778655.0,1800
Low & middle income,,1990,,4166.96132780979,,,1990,,4166.96132780979,,,,,,,1990
Low income,,1990,,1445.04127571041,,,1990,,1445.04127571041,,,,,,,1990
Lower middle income,,1990,,2732.9302780668,,,1990,,2732.9302780668,,,,,,,1990
Luxembourg,LUX,1800,,,127030.0,LUX,1800,,,127030.0,LUX,1800.0,,,127030.0,1800
Macao,MAC,1800,,,17311.0,MAC,1800,,,17311.0,MAC,1800.0,,,17311.0,1800
Macedonia,MKD,1800,,,391865.0,MKD,1800,,,391865.0,MKD,1800.0,,,391865.0,1800
Madagascar,MDG,1700,,,1000000.0,MDG,1700,,,1000000.0,MDG,1700.0,,,1000000.0,1700
Malawi,MWI,1800,,,737000.0,MWI,1800,,,737000.0,MWI,1800.0,,,737000.0,1800
Malaysia,MYS,1800,,,287000.0,MYS,1800,,,287000.0,MYS,1800.0,,,287000.0,1800
Maldives,MDV,1800,,,42378.0,MDV,1800,,,42378.0,MDV,1800.0,,,42378.0,1800
Mali,MLI,1800,,,1403398.0,MLI,1800,,,1403398.0,MLI,1800.0,,,1403398.0,1800
Malta,MLT,1800,,,134072.0,MLT,1800,,,134072.0,MLT,1800.0,,,134072.0,1800
Marshall Islands,MHL,1800,,,5828.0,MHL,1800,,,5828.0,MHL,1800.0,,,5828.0,1800
Martinique,MTQ,1800,,,84039.0,MTQ,1800,,,84039.0,MTQ,1800.0,,,84039.0,1800
Mauritania,MRT,1800,,,382696.0,MRT,1800,,,382696.0,MRT,1800.0,,,382696.0,1800
Mauritius,MUS,1797,,,59000.0,MUS,1797,,,59000.0,MUS,1797.0,,,59000.0,1797
Mayotte,MYT,1800,,,8219.0,MYT,1800,,,8219.0,MYT,1800.0,,,8219.0,1800
Mexico,MEX,1700,,,4500000.0,MEX,1700,,,4500000.0,MEX,1700.0,,,4500000.0,1700
Micronesia (country),FSM,1990,,2721.05686705971,,FSM,1990,,2721.05686705971,,FSM,2010.0,4794.0,154895.0,,1990
Middle East & North Africa,,1990,,11859.9887832706,,,1990,,11859.9887832706,,,,,,,1990
Middle East & North Africa (IDA & IBRD),,1990,,8148.73116532957,,,1990,,8148.73116532957,,,,,,,1990
Middle East & North Africa (excluding high income),,1990,,8102.14926107866,,,1990,,8102.14926107866,,,,,,,1990
Middle income,,1990,,4422.81004309986,,,1990,,4422.81004309986,,,,,,,1990
Moldova,MDA,1800,,,712558.0,MDA,1800,,,712558.0,MDA,1800.0,,,712558.0,1800
Monaco,MCO,1800,,,7789.0,MCO,1800,,,7789.0,MCO,1800.0,,,7789.0,1800
Mongolia,MNG,1800,,,619000.0,MNG,1800,,,619000.0,MNG,1800.0,,,619000.0,1800
Montenegro,MNE,1800,,,126582.0,MNE,1800,,,126582.0,MNE,1800.0,,,126582.0,1800
Montserrat,MSR,1800,,,5230.0,MSR,1800,,,5230.0,MSR,1800.0,,,5230.0,1800
Morocco,MAR,1700,,,1750000.0,MAR,1700,,,1750000.0,MAR,1700.0,,,1750000.0,1700
Mozambique,MOZ,1700,,,1500000.0,MOZ,1700,,,1500000.0,MOZ,1700.0,,,1500000.0,1700
Myanmar,MMR,1800,,,3506000.0,MMR,1800,,,3506000.0,MMR,1800.0,,,3506000.0,1800
Namibia,NAM,1800,,,229000.0,NAM,1800,,,229000.0,NAM,1800.0,,,229000.0,1800
Nauru,NRU,1800,,,1834.0,NRU,1800,,,1834.0,NRU,1800.0,,,1834.0,1800
Nepal,NPL,1800,,,3881000.0,NPL,1800,,,3881000.0,NPL,1800.0,,,3881000.0,1800
Netherlands,NLD,1700,,,1900000.0,NLD,1700,,,1900000.0,NLD,1700.0,,,1900000.0,1700
Netherlands Antilles,ANT,2010,0.005,,,ANT,2010,0.252,,,ANT,2010.0,416.0,227165.0,,2010
New Caledonia,NCL,1800,,,29432.0,NCL,1800,,,29432.0,NCL,1800.0,,,29432.0,1800
New Zealand,NZL,1700,,,100000.0,NZL,1700,,,100000.0,NZL,1700.0,,,100000.0,1700
Nicaragua,NIC,1800,,,219387.0,NIC,1800,,,219387.0,NIC,1800.0,,,219387.0,1800
Niger,NER,1800,,,1244861.0,NER,1800,,,1244861.0,NER,1800.0,,,1244861.0,1800
Nigeria,NGA,1800,,,12100855.0,NGA,1800,,,12100855.0,NGA,1800.0,,,12100855.0,1800
Niue,NIU,1700,,,4125.0,NIU,1700,,,4125.0,NIU,1700.0,,,4125.0,1700
Norfolk Island,NFK,1792,,,1156.0,NFK,1792,,,1156.0,NFK,1792.0,,,1156.0,1792
North America,,1990,,36485.7222511282,,,1990,,36485.7222511282,,,,,,,1990
North Korea,PRK,1800,,,4345000.0,PRK,1800,,,4345000.0,PRK,1800.0,,,4345000.0,1800
Northern Mariana Islands,MNP,1800,,,3360.0,MNP,1800,,,3360.0,MNP,1800.0,,,3360.0,1800
Norway,NOR,1700,,,500000.0,NOR,1700,,,500000.0,NOR,1700.0,,,500000.0,1700
OECD members,,1990,,26928.6862283066,,,1990,,26928.6862283066,,,,,,,1990
Oman,OMN,1800,,,318000.0,OMN,1800,,,318000.0,OMN,1800.0,,,318000.0,1800
Other small states,,2000,,13804.4724866785,,,2000,,13804.4724866785,,,,,,,2000
Pacific island small states,,1990,,4110.56660302545,,,1990,,4110.56660302545,,,,,,,1990
Pakistan,PAK,1700,,,10777105.0,PAK,1700,,,10777105.0,PAK,1700.0,,,10777105.0,1700
Palau,PLW,1800,,,3875.0,PLW,1800,,,3875.0,PLW,1800.0,,,3875.0,1800
Palestine,PSE,1994,,2723.37576494552,,PSE,1994,,2723.37576494552,,PSE,2010.0,5599.0,3045258.0,,1994
Panama,PAN,1800,,,78842.0,PAN,1800,,,78842.0,PAN,1800.0,,,78842.0,1800
Papua New Guinea,PNG,1800,,,754894.0,PNG,1800,,,754894.0,PNG,1800.0,,,754894.0,1800
Paraguay,PRY,1800,,,143000.0,PRY,1800,,,143000.0,PRY,1800.0,,,143000.0,1800
Peru,PER,1700,,,1300000.0,PER,1700,,,1300000.0,PER,1700.0,,,1300000.0,1700
Philippines,PHL,1800,,,1894389.0,PHL,1800,,,1894389.0,PHL,1800.0,,,1894389.0,1800
Pitcairn,PCN,1789,,,0.0,PCN,1789,,,0.0,PCN,1789.0,,,0.0,1789
Poland,POL,1700,,,6000000.0,POL,1700,,,6000000.0,POL,1700.0,,,6000000.0,1700
Portugal,PRT,1700,,,2000000.0,PRT,1700,,,2000000.0,PRT,1700.0,,,2000000.0,1700
Post-demographic dividend,,1990,,28478.2835922874,,,1990,,28478.2835922874,,,,,,,1990
Pre-demographic dividend,,1990,,2394.03790747715,,,1990,,2394.03790747715,,,,,,,1990
Puerto Rico,PRI,1800,,,155000.0,PRI,1800,,,155000.0,PRI,1800.0,,,155000.0,1800
Qatar,QAT,1800,,,14092.0,QAT,1800,,,14092.0,QAT,1800.0,,,14092.0,1800
Reunion,REU,1800,,,92744.0,REU,1800,,,92744.0,REU,1800.0,,,92744.0,1800
Romania,ROU,1700,,,2500000.0,ROU,1700,,,2500000.0,ROU,1700.0,,,2500000.0,1700
Russia,RUS,1800,,,31088398.0,RUS,1800,,,31088398.0,RUS,1800.0,,,31088398.0,1800
Rwanda,RWA,1800,,,928368.0,RWA,1800,,,928368.0,RWA,1800.0,,,928368.0,1800
Saint Helena,SHN,1800,,,1997.0,SHN,1800,,,1997.0,SHN,1800.0,,,1997.0,1800
Saint Kitts and Nevis,KNA,1800,,,17202.0,KNA,1800,,,17202.0,KNA,1800.0,,,17202.0,1800
Saint Lucia,LCA,1800,,,24000.0,LCA,1800,,,24000.0,LCA,1800.0,,,24000.0,1800
Saint Pierre and Miquelon,SPM,2010,0.005,,,SPM,2010,0.252,,,SPM,2010.0,11.0,5888.0,,2010
Saint Vincent and the Grenadines,VCT,1800,,,25781.0,VCT,1800,,,25781.0,VCT,1800.0,,,25781.0,1800
Samoa,WSM,1700,,,43000.0,WSM,1700,,,43000.0,WSM,1700.0,,,43000.0,1700
San Marino,SMR,1800,,,5492.0,SMR,1800,,,5492.0,SMR,1800.0,,,5492.0,1800
Sao Tome and Principe,STP,1800,,,22731.0,STP,1800,,,22731.0,STP,1800.0,,,22731.0,1800
Saudi Arabia,SAU,1800,,,2091000.0,SAU,1800,,,2091000.0,SAU,1800.0,,,2091000.0,1800
Senegal,SEN,1800,,,1009886.0,SEN,1800,,,1009886.0,SEN,1800.0,,,1009886.0,1800
Serbia,SRB,1800,,,2147197.0,SRB,1800,,,2147197.0,SRB,1800.0,,,2147197.0,1800
Seychelles,SYC,1800,,,12522.0,SYC,1800,,,12522.0,SYC,1800.0,,,12522.0,1800
Sierra Leone,SLE,1800,,,794264.0,SLE,1800,,,794264.0,SLE,1800.0,,,794264.0,1800
Singapore,SGP,1800,,,30000.0,SGP,1800,,,30000.0,SGP,1800.0,,,30000.0,1800
Sint Maarten (Dutch part),SXM,2010,0.005,,,SXM,2010,0.252,,,SXM,2010.0,70.0,37429.0,,2010
Slovakia,SVK,1800,,,2140651.0,SVK,1800,,,2140651.0,SVK,1800.0,,,2140651.0,1800
Slovenia,SVN,1800,,,469664.0,SVN,1800,,,469664.0,SVN,1800.0,,,469664.0,1800
Small states,,2000,,12657.5878311569,,,2000,,12657.5878311569,,,,,,,2000
Solomon Islands,SLB,1800,,,56998.0,SLB,1800,,,56998.0,SLB,1800.0,,,56998.0,1800
Somalia,SOM,1700,,,950000.0,SOM,1700,,,950000.0,SOM,1700.0,,,950000.0,1700
South Africa,ZAF,1700,,,1000000.0,ZAF,1700,,,1000000.0,ZAF,1700.0,,,1000000.0,1700
South Asia,,1990,,1847.59755643543,,,1990,,1847.59755643543,,,,,,,1990
South Asia (IDA & IBRD),,1990,,1847.59755643543,,,1990,,1847.59755643543,,,,,,,1990
South Korea,KOR,1800,,,9395000.0,KOR,1800,,,9395000.0,KOR,1800.0,,,9395000.0,1800
South Sudan,SSD,1700,,,900216.0,SSD,1700,,,900216.0,SSD,1700.0,,,900216.0,1700
Spain,ESP,1700,,,8770000.0,ESP,1700,,,8770000.0,ESP,1700.0,,,8770000.0,1700
Sri Lanka,LKA,1800,,,1213000.0,LKA,1800,,,1213000.0,LKA,1800.0,,,1213000.0,1800
Sub-Saharan Africa,,1990,,2513.88830156637,,,1990,,2513.88830156637,,,,,,,1990
Sub-Saharan Africa (IDA & IBRD),,1990,,2513.88830156637,,,1990,,2513.88830156637,,,,,,,1990
Sub-Saharan Africa (excluding high income),,1990,,2512.30185125638,,,1990,,2512.30185125638,,,,,,,1990
Sudan,SDN,1700,,,3499784.0,SDN,1700,,,3499784.0,SDN,1700.0,,,3499784.0,1700
Suriname,SUR,1800,,,80721.0,SUR,1800,,,80721.0,SUR,1800.0,,,80721.0,1800
Swaziland,SWZ,1800,,,86000.0,SWZ,1800,,,86000.0,SWZ,1800.0,,,86000.0,1800
Sweden,SWE,1700,,,1373360.0,SWE,1700,,,1373360.0,SWE,1700.0,,,1373360.0,1700
Switzerland,CHE,1700,,,1200000.0,CHE,1700,,,1200000.0,CHE,1700.0,,,1200000.0,1700
Syria,SYR,1800,,,1337000.0,SYR,1800,,,1337000.0,SYR,1800.0,,,1337000.0,1800
Taiwan,TWN,1800,,,2000000.0,TWN,1800,,,2000000.0,TWN,1800.0,,,2000000.0,1800
Tajikistan,TJK,1800,,,466629.0,TJK,1800,,,466629.0,TJK,1800.0,,,466629.0,1800
Tanzania,TZA,1800,,,3019768.0,TZA,1800,,,3019768.0,TZA,1800.0,,,3019768.0,1800
Thailand,THA,1800,,,4665000.0,THA,1800,,,4665000.0,THA,1800.0,,,4665000.0,1800
Timor,TLS,2000,,3308.01051184294,,TLS,2000,,3308.01051184294,,,,,,,2000
Togo,TGO,1800,,,445985.0,TGO,1800,,,445985.0,TGO,1800.0,,,445985.0,1800
Tokelau,TKL,1700,,,917.0,TKL,1700,,,917.0,TKL,1700.0,,,917.0,1700
Tonga,TON,1700,,,16962.0,TON,1700,,,16962.0,TON,1700.0,,,16962.0,1700
Trinidad and Tobago,TTO,1800,,,60000.0,TTO,1800,,,60000.0,TTO,1800.0,,,60000.0,1800
Tunisia,TUN,1700,,,800000.0,TUN,1700,,,800000.0,TUN,1700.0,,,800000.0,1700
Turkey,TUR,1700,,,8400000.0,TUR,1700,,,8400000.0,TUR,1700.0,,,8400000.0,1700
Turkmenistan,TKM,1800,,,367215.0,TKM,1800,,,367215.0,TKM,1800.0,,,367215.0,1800
Turks and Caicos Islands,TCA,1800,,,3296.0,TCA,1800,,,3296.0,TCA,1800.0,,,3296.0,1800
Tuvalu,TUV,1800,,,2499.0,TUV,1800,,,2499.0,TUV,1800.0,,,2499.0,1800
Uganda,UGA,1800,,,2101397.0,UGA,1800,,,2101397.0,UGA,1800.0,,,2101397.0,1800
Ukraine,UKR,1800,,,11215490.0,UKR,1800,,,11215490.0,UKR,1800.0,,,11215490.0,1800
United Arab Emirates,ARE,1800,,,40153.0,ARE,1800,,,40153.0,ARE,1800.0,,,40153.0,1800
United Kingdom,GBR,1700,,,7200607.0,GBR,1700,,,7200607.0,GBR,1700.0,,,7200607.0,1700
United States,USA,1700,,,1000000.0,USA,1700,,,1000000.0,USA,1700.0,,,1000000.0,1700
Upper middle income,,1990,,5997.78392372945,,,1990,,5997.78392372945,,,,,,,1990
Uruguay,URY,1800,,,55000.0,URY,1800,,,55000.0,URY,1800.0,,,55000.0,1800
Uzbekistan,UZB,1800,,,1919159.0,UZB,1800,,,1919159.0,UZB,1800.0,,,1919159.0,1800
Vanuatu,VUT,1800,,,27791.0,VUT,1800,,,27791.0,VUT,1800.0,,,27791.0,1800
Venezuela,VEN,1800,,,718000.0,VEN,1800,,,718000.0,VEN,1800.0,,,718000.0,1800
Vietnam,VNM,1800,,,6551000.0,VNM,1800,,,6551000.0,VNM,1800.0,,,6551000.0,1800
Western Sahara,ESH,1800,,,2788.0,ESH,1800,,,2788.0,ESH,1800.0,,,2788.0,1800
World,OWID_WRL,1990,,8925.58998321668,,OWID_WRL,1990,,8925.58998321668,,OWID_WRL,2010.0,31865274.0,,,1990
Yemen,YEM,1990,,3327.10262940191,,YEM,1990,,3327.10262940191,,YEM,2010.0,169181.0,6048920.0,,1990
Zambia,ZMB,1800,,,747000.0,ZMB,1800,,,747000.0,ZMB,1800.0,,,747000.0,1800
Zimbabwe,ZWE,1800,,,1085814.0,ZWE,1800,,,1085814.0,ZWE,1800.0,,,1085814.0,1800
